model,auc_raw,auc_sigmoid,auc_isotonic,auc_temp,brier_raw,brier_sigmoid,brier_isotonic,brier_temp,logloss_raw,logloss_sigmoid,logloss_isotonic,logloss_temp,f2_raw
botabnet,0.7797717035773845,0.7797717123188008,0.7796959504637226,0.7797716948359681,0.19040594999791657,0.19052360866117996,0.19008918429438304,0.19045912371459925,0.5567089540791127,0.5599234351719107,0.5578737746730872,0.5567457022066116,0.7520267661819585
xgboost,0.8083304700824241,0.8083304700824241,0.8077126792267881,0.8083304700824241,0.182028373977118,0.1796783008070834,0.17846931783574937,0.17922129763087302,0.5421451634532818,0.5337459663207779,0.527445299874334,0.5317314389488318,0.7479339920227326
random_forest,0.8387840696918855,0.8387840696918855,0.8383313080345905,0.8387840696918855,0.17033350861513546,0.16442941361366728,0.16411181059527405,0.1647540877865062,0.5162102102404081,0.4974786452855931,0.49652472331117514,0.49763423038639626,0.7879920085104175
lightgbm,0.8084854466520193,0.8084854466520193,0.8078649984058279,0.8084854466520193,0.18145812634934883,0.17967835238308624,0.1782951441128252,0.17917194743695494,0.5399795867928031,0.5334707333760316,0.5330252377839089,0.5312452136449982,0.7462978412764626
catboost,0.8010941071332947,0.8010941071332947,0.8008207280799066,0.8010941071332947,0.18497381416721947,0.18261987292904963,0.18099028026553798,0.18232158027510637,0.5477280034054665,0.5398035131450912,0.534301063220154,0.5374733100086159,0.7491578129048977
adaboost,0.7008870299742641,0.7008870299742641,0.7012873343923385,0.7008870299742641,0.257135162623636,0.2178055725258742,0.2155781999306486,0.2246737887272004,0.7420631833940252,0.6254039010078412,0.6203177858575116,0.6411161650935708,0.7974321011625931
naive_bayes,0.7150364196249761,0.7150364196249761,0.7150457379747526,0.7148897211766178,0.24597951462454973,0.21488761820628127,0.21444215590960283,0.22027721849253437,0.96378263023578,0.6193136976530196,0.6204821709655248,0.6379796910948285,0.7442646947479999
stacking,0.8412747614384447,0.8412747614384447,0.840403163560518,0.8412747614384447,0.16331713055504032,0.163323191552137,0.1631583425412668,0.16329385310158454,0.49464214161508113,0.4942726991999283,0.4916462116759726,0.49426349628418875,0.774125965693335
voting,0.8234453666463813,0.8234453666463813,0.8232531866090106,0.8234453666463813,0.17666492514598,0.1724915938809223,0.17159977665257573,0.17231038546869049,0.5303450757146109,0.5164064077738798,0.5141215662759441,0.5149860987708048,0.7677907490704869
